{
	"partitions" : [
		{
			"name" : "Top",
			"pins" : [
				{
					"name" : "LEDR[0]",
					"strict" : false
				},
				{
					"name" : "LEDR[1]",
					"strict" : false
				},
				{
					"name" : "LEDR[2]",
					"strict" : false
				},
				{
					"name" : "LEDR[3]",
					"strict" : false
				},
				{
					"name" : "LEDR[4]",
					"strict" : false
				},
				{
					"name" : "LEDR[5]",
					"strict" : false
				},
				{
					"name" : "LEDR[6]",
					"strict" : false
				},
				{
					"name" : "LEDR[7]",
					"strict" : false
				},
				{
					"name" : "LEDR[8]",
					"strict" : false
				},
				{
					"name" : "LEDR[9]",
					"strict" : false
				},
				{
					"name" : "VGA_R[0]",
					"strict" : false
				},
				{
					"name" : "VGA_R[1]",
					"strict" : false
				},
				{
					"name" : "VGA_R[2]",
					"strict" : false
				},
				{
					"name" : "VGA_R[3]",
					"strict" : false
				},
				{
					"name" : "VGA_HS",
					"strict" : false
				},
				{
					"name" : "VGA_VS",
					"strict" : false
				},
				{
					"name" : "HEX0[0]",
					"strict" : false
				},
				{
					"name" : "HEX0[1]",
					"strict" : false
				},
				{
					"name" : "HEX0[2]",
					"strict" : false
				},
				{
					"name" : "HEX0[3]",
					"strict" : false
				},
				{
					"name" : "HEX0[4]",
					"strict" : false
				},
				{
					"name" : "HEX0[5]",
					"strict" : false
				},
				{
					"name" : "HEX0[6]",
					"strict" : false
				},
				{
					"name" : "HEX1[0]",
					"strict" : false
				},
				{
					"name" : "HEX1[1]",
					"strict" : false
				},
				{
					"name" : "HEX1[2]",
					"strict" : false
				},
				{
					"name" : "HEX1[3]",
					"strict" : false
				},
				{
					"name" : "HEX1[4]",
					"strict" : false
				},
				{
					"name" : "HEX1[5]",
					"strict" : false
				},
				{
					"name" : "HEX1[6]",
					"strict" : false
				},
				{
					"name" : "HEX2[0]",
					"strict" : false
				},
				{
					"name" : "HEX2[1]",
					"strict" : false
				},
				{
					"name" : "HEX2[2]",
					"strict" : false
				},
				{
					"name" : "HEX2[3]",
					"strict" : false
				},
				{
					"name" : "HEX2[4]",
					"strict" : false
				},
				{
					"name" : "HEX2[5]",
					"strict" : false
				},
				{
					"name" : "HEX2[6]",
					"strict" : false
				},
				{
					"name" : "GPIO[23]",
					"strict" : false
				},
				{
					"name" : "GPIO[22]",
					"strict" : false
				},
				{
					"name" : "GPIO[21]",
					"strict" : false
				},
				{
					"name" : "GPIO[20]",
					"strict" : false
				},
				{
					"name" : "GPIO[19]",
					"strict" : false
				},
				{
					"name" : "GPIO[18]",
					"strict" : false
				},
				{
					"name" : "GPIO[17]",
					"strict" : false
				},
				{
					"name" : "GPIO[16]",
					"strict" : false
				},
				{
					"name" : "GPIO[15]",
					"strict" : false
				},
				{
					"name" : "GPIO[14]",
					"strict" : false
				},
				{
					"name" : "GPIO[13]",
					"strict" : false
				},
				{
					"name" : "GPIO[12]",
					"strict" : false
				},
				{
					"name" : "GPIO[11]",
					"strict" : false
				},
				{
					"name" : "GPIO[10]",
					"strict" : false
				},
				{
					"name" : "GPIO[9]",
					"strict" : false
				},
				{
					"name" : "GPIO[8]",
					"strict" : false
				},
				{
					"name" : "GPIO[7]",
					"strict" : false
				},
				{
					"name" : "GPIO[6]",
					"strict" : false
				},
				{
					"name" : "GPIO[5]",
					"strict" : false
				},
				{
					"name" : "GPIO[4]",
					"strict" : false
				},
				{
					"name" : "GPIO[3]",
					"strict" : false
				},
				{
					"name" : "GPIO[2]",
					"strict" : false
				},
				{
					"name" : "GPIO[1]",
					"strict" : false
				},
				{
					"name" : "GPIO[0]",
					"strict" : false
				},
				{
					"name" : "KEY[0]",
					"strict" : false
				},
				{
					"name" : "KEY[1]",
					"strict" : false
				},
				{
					"name" : "MAX10_CLK1_50",
					"strict" : false
				}
			]
		}
	]
}